{
  "POST /api/v1/beta/translate" : {
    "transaction" : "POST /api/v1/beta/translate",
    "sampleCount" : 63048,
    "errorCount" : 63048,
    "errorPct" : 100.0,
    "meanResTime" : 17.415857759167277,
    "medianResTime" : 13.0,
    "minResTime" : 3.0,
    "maxResTime" : 300.0,
    "pct1ResTime" : 18.0,
    "pct2ResTime" : 23.0,
    "pct3ResTime" : 51.0,
    "throughput" : 1052.8530634737738,
    "receivedKBytesPerSec" : 201.92643884741912,
    "sentKBytesPerSec" : 517.1729403586994
  },
  "Total" : {
    "transaction" : "Total",
    "sampleCount" : 63048,
    "errorCount" : 63048,
    "errorPct" : 100.0,
    "meanResTime" : 17.415857759167277,
    "medianResTime" : 13.0,
    "minResTime" : 3.0,
    "maxResTime" : 300.0,
    "pct1ResTime" : 18.0,
    "pct2ResTime" : 23.0,
    "pct3ResTime" : 51.0,
    "throughput" : 1052.8530634737738,
    "receivedKBytesPerSec" : 201.92643884741912,
    "sentKBytesPerSec" : 517.1729403586994
  }
}