{
  "POST /api/v1/beta/translate" : {
    "transaction" : "POST /api/v1/beta/translate",
    "sampleCount" : 160400,
    "errorCount" : 160400,
    "errorPct" : 100.0,
    "meanResTime" : 49.59812344139632,
    "medianResTime" : 31.0,
    "minResTime" : 3.0,
    "maxResTime" : 8052.0,
    "pct1ResTime" : 54.0,
    "pct2ResTime" : 73.0,
    "pct3ResTime" : 139.0,
    "throughput" : 892.5689737682659,
    "receivedKBytesPerSec" : 172.47168313279747,
    "sentKBytesPerSec" : 438.3221055762607
  },
  "Total" : {
    "transaction" : "Total",
    "sampleCount" : 160400,
    "errorCount" : 160400,
    "errorPct" : 100.0,
    "meanResTime" : 49.59812344139632,
    "medianResTime" : 31.0,
    "minResTime" : 3.0,
    "maxResTime" : 8052.0,
    "pct1ResTime" : 54.0,
    "pct2ResTime" : 73.0,
    "pct3ResTime" : 139.0,
    "throughput" : 892.5689737682659,
    "receivedKBytesPerSec" : 172.47168313279747,
    "sentKBytesPerSec" : 438.3221055762607
  }
}