{
  "POST /api/v1/beta/translate" : {
    "transaction" : "POST /api/v1/beta/translate",
    "sampleCount" : 783,
    "errorCount" : 783,
    "errorPct" : 100.0,
    "meanResTime" : 230.76372924648783,
    "medianResTime" : 94.0,
    "minResTime" : 22.0,
    "maxResTime" : 9493.0,
    "pct1ResTime" : 177.0,
    "pct2ResTime" : 245.79999999999995,
    "pct3ResTime" : 9487.64,
    "throughput" : 39.09136295556665,
    "receivedKBytesPerSec" : 8.5894108056665,
    "sentKBytesPerSec" : 19.202105045556664
  },
  "Total" : {
    "transaction" : "Total",
    "sampleCount" : 783,
    "errorCount" : 783,
    "errorPct" : 100.0,
    "meanResTime" : 230.76372924648783,
    "medianResTime" : 94.0,
    "minResTime" : 22.0,
    "maxResTime" : 9493.0,
    "pct1ResTime" : 177.0,
    "pct2ResTime" : 245.79999999999995,
    "pct3ResTime" : 9487.64,
    "throughput" : 39.09136295556665,
    "receivedKBytesPerSec" : 8.5894108056665,
    "sentKBytesPerSec" : 19.202105045556664
  }
}