{
  "POST /api/v1/beta/translate" : {
    "transaction" : "POST /api/v1/beta/translate",
    "sampleCount" : 50396,
    "errorCount" : 50396,
    "errorPct" : 100.0,
    "meanResTime" : 20.864830542106258,
    "medianResTime" : 14.0,
    "minResTime" : 3.0,
    "maxResTime" : 650.0,
    "pct1ResTime" : 22.0,
    "pct2ResTime" : 31.0,
    "pct3ResTime" : 57.0,
    "throughput" : 843.1936822379869,
    "receivedKBytesPerSec" : 162.8307188838509,
    "sentKBytesPerSec" : 414.1859591461986
  },
  "Total" : {
    "transaction" : "Total",
    "sampleCount" : 50396,
    "errorCount" : 50396,
    "errorPct" : 100.0,
    "meanResTime" : 20.864830542106258,
    "medianResTime" : 14.0,
    "minResTime" : 3.0,
    "maxResTime" : 650.0,
    "pct1ResTime" : 22.0,
    "pct2ResTime" : 31.0,
    "pct3ResTime" : 57.0,
    "throughput" : 843.1936822379869,
    "receivedKBytesPerSec" : 162.8307188838509,
    "sentKBytesPerSec" : 414.1859591461986
  }
}